{
  "id": "2114721",
  "name": "no name",
  "font_family": "blog",
  "css_prefix_text": "blog-icon-",
  "description": "",
  "glyphs": [
    {
      "icon_id": "7322037",
      "name": "IP",
      "font_class": "IP",
      "unicode": "e601",
      "unicode_decimal": 58881
    },
    {
      "icon_id": "10021458",
      "name": "IP",
      "font_class": "IP1",
      "unicode": "e609",
      "unicode_decimal": 58889
    },
    {
      "icon_id": "8149632",
      "name": "man",
      "font_class": "man",
      "unicode": "e605",
      "unicode_decimal": 58885
    },
    {
      "icon_id": "2814910",
      "name": "woman",
      "font_class": "woman",
      "unicode": "e6b7",
      "unicode_decimal": 59063
    },
    {
      "icon_id": "2508926",
      "name": "exp",
      "font_class": "exp",
      "unicode": "e62e",
      "unicode_decimal": 58926
    },
    {
      "icon_id": "14179326",
      "name": "经验库-单色",
      "font_class": "exp-1",
      "unicode": "e66c",
      "unicode_decimal": 58988
    },
    {
      "icon_id": "2682282",
      "name": "level-1",
      "font_class": "level-1",
      "unicode": "e619",
      "unicode_decimal": 58905
    },
    {
      "icon_id": "2682279",
      "name": "level-2",
      "font_class": "level-2",
      "unicode": "e61a",
      "unicode_decimal": 58906
    },
    {
      "icon_id": "2682280",
      "name": "level-4",
      "font_class": "level-4",
      "unicode": "e61b",
      "unicode_decimal": 58907
    },
    {
      "icon_id": "2682281",
      "name": "level-5",
      "font_class": "level-5",
      "unicode": "e61c",
      "unicode_decimal": 58908
    },
    {
      "icon_id": "2682283",
      "name": "level-3",
      "font_class": "level-3",
      "unicode": "e61d",
      "unicode_decimal": 58909
    },
    {
      "icon_id": "2682284",
      "name": "level-6",
      "font_class": "level-6",
      "unicode": "e61e",
      "unicode_decimal": 58910
    },
    {
      "icon_id": "2682285",
      "name": "level-7",
      "font_class": "level-7",
      "unicode": "e61f",
      "unicode_decimal": 58911
    },
    {
      "icon_id": "2682286",
      "name": "level-8",
      "font_class": "level-8",
      "unicode": "e620",
      "unicode_decimal": 58912
    },
    {
      "icon_id": "2682287",
      "name": "level-9",
      "font_class": "level-9",
      "unicode": "e621",
      "unicode_decimal": 58913
    },
    {
      "icon_id": "2682288",
      "name": "level-11",
      "font_class": "level-11",
      "unicode": "e622",
      "unicode_decimal": 58914
    },
    {
      "icon_id": "2682289",
      "name": "level-10",
      "font_class": "level-10",
      "unicode": "e623",
      "unicode_decimal": 58915
    },
    {
      "icon_id": "2682290",
      "name": "level-13",
      "font_class": "level-13",
      "unicode": "e624",
      "unicode_decimal": 58916
    },
    {
      "icon_id": "2682291",
      "name": "level-15",
      "font_class": "level-15",
      "unicode": "e625",
      "unicode_decimal": 58917
    },
    {
      "icon_id": "2682292",
      "name": "level-14",
      "font_class": "level-14",
      "unicode": "e626",
      "unicode_decimal": 58918
    },
    {
      "icon_id": "2682293",
      "name": "level-12",
      "font_class": "level-12",
      "unicode": "e627",
      "unicode_decimal": 58919
    }
  ]
}
